Nombre,Telefono
JARDIN INFANTIL MAROMAS, +5713204040203 - 3158788538
Liceo Conquistadores de las Americas, PBX 2900751
Jardín Infantil Construyendo mi Planeta, 3162979973
COLEGIO STELLA MATUTINA, 6016711332 - 3108558207 - 3208485236 - 3232450877
COLEGIO GIMNASIO DEL NORTE, (57) 1 7451000 ext: 106 - 319 680 9519
COLEGIO PROVINMA, 601258 03 03 / 320 209 1308
GIMNASIO LAS PALMAS, 677 46 11 - 319 7141111
JARDIN INFANTIL GIMNASIO SANTANA DEL NORTE, 3144911034 /3144920062/6245937 ext 125
JARDIN INFANTIL LERNER & KLEIN, 315 7568-320 8359298-221 4545
GIMNASIO LOS ANDES, 6761129 - 6685072
Liceo Betel, 6015375424 - 300 8495211
LICEO MODERNO CAMPESTRE, PBX: 6694760
COLEGIO DOMINGO SAVIO BILINGUAL SCHOOL, 366 00 17 - 366 61 63
Evergreen School, 680 9035 - 680 9114 - 680 9125 - 692 5188
Evergreen School (Jardin Infantil), 674 7093 - 674 7085 - 671 8764
COLEGIO ROCHESTER, PBX: 749-6000 Ext. 2222 ó 2200 Cel: +57 (321)3714394
COLEGIO MAYOR JOSE CELESTINO MUTIS, 6703200-6706151-3205721747
COLEGIO JONATHAN SWIFT, 6818191 / 6815276 / EXT 101 CEL: 3164906460
CENTRO EDUCATIVO LOS ANDES (ALMENDROS), 6925170
LICEO CHICÓ CAMPESTRE, 6762272 -6762249 3143579422 admisiones
COLEGIO COLOMBO GALES, 6684910 ext 105 - 6372398 - 6372362
COLEGIO GIMNASIO VERMONT, PBX: 5185757
MENTES AGILES - SAN JOSE DE BAVARIA, 3208390537
Colegio George Washington School, 6789945 / 3003196272 / 3005071678
COLEGIO INGLATERRA REAL DE CHAPINERO (CERRADO), 2481361
COLEGIO INTERAMERICANO, 702 - 3005
COLEGIO ALVERNIA, 692 1335 – 6926947 – 6926948 Ext. 113 - 3507639273
JARDIN INFANTIL CASTILLO DE SUEÑOS Y ALEGRIAS,  700 9999 - 927 9911 Móvil: 313 469 4083 - 3138718356
COLEGIO CALATRAVA, PBX: +571 4232923 Ext. 1001 Móvil: 3176426972
GIMNASIO LOS ARRAYANES, 6763611 - 6685134 - 6685127 - 6760227 - 6760203 3176441202
COLEGIO COLOMBO GALES, 6684910 ext 105 - 6372398 - 6372362
COLEGIO GIMNASIO VERMONT, PBX: 5185757
MENTES AGILES - SAN JOSE DE BAVARIA, 3208390537
Colegio George Washington School, 6789945 / 3003196272 / 3005071678
COLEGIO INGLATERRA REAL DE CHAPINERO (CERRADO), 2481361
COLEGIO INTERAMERICANO, 702 - 3005
COLEGIO ALVERNIA, 692 1335 – 6926947 – 6926948 Ext. 113 - 3507639273
JARDIN INFANTIL CASTILLO DE SUEÑOS Y ALEGRIAS,  700 9999 - 927 9911 Móvil: 313 469 4083 - 3138718356
COLEGIO CALATRAVA, PBX: +571 4232923 Ext. 1001 Móvil: 3176426972
GIMNASIO LOS ARRAYANES, 6763611 - 6685134 - 6685127 - 6760227 - 6760203 3176441202
Liceo de Londres, 3212052695 - 3213326336 - 6113780
COLEGIO DE MARIA AUXILIADORA, 2853381 - 3105712358
COLEGIO MIGUEL ANTONIO CARO, 676 1003 - 676 1208 - 676 0163
COLEGIO GIMNASIO FEMENINO, 6578420
JARDIN INFANTIL MENTES AGILES - SEDE COLINA CAMPESTRE, 3208390537
COLEGIO INGLATERRA REAL, 6722662
COLEGIO NUESTRA SEÑORA DE LA SABIDURIA, 2393742 -
Colegio Gimnasio Ingles Campestre, 3507591560 /3213607134 / 7448610
COLEGIO BILINGUE SAN JUAN DE AVILA,  680 62 80 - 692 98 32
Colegio Nuevo Gimnasio, 2578444 ext.160
JARDIN INFANTIL EL RINCON DEL TERCER PUENTE - Sede Calle 170, 669 1311 - 315 257 2285
JARDIN INFANTIL SAINT GREGORY, 2132685
Liceo Experiencial John Dewey, 9059480 3173648874 3133918692
GIMNASIO PEPA CASTRO, 9054779 - 322-8500065- 3043364771
COLEGIO DE NUESTRA SEÑORA DEL PILAR, 2493046
JARDIN INFANTIL SAN NICOLAS DE TALENTINO SCHOOL, 4675186-3164718931 - 3194769692
Instituto de Integración Cultural IDIC, 7495798 - 3183119037
GIMNASIO LOS ROBLES, 6760081
COLEGIO LUIGI PIRANDELLO, 442 45 45
jardín Infantil Sentimientos y Ternura, 7035973-3214681609
Liceo de Londres, 3212052695 - 3213326336 - 6113780
COLEGIO DE MARIA AUXILIADORA, 2853381 - 3105712358
COLEGIO MIGUEL ANTONIO CARO, 676 1003 - 676 1208 - 676 0163
COLEGIO GIMNASIO FEMENINO, 6578420
JARDIN INFANTIL MENTES AGILES - SEDE COLINA CAMPESTRE, 3208390537
COLEGIO INGLATERRA REAL, 6722662
COLEGIO NUESTRA SEÑORA DE LA SABIDURIA, 2393742 -
Colegio Gimnasio Ingles Campestre, 3507591560 /3213607134 / 7448610
COLEGIO BILINGUE SAN JUAN DE AVILA,  680 62 80 - 692 98 32
Colegio Nuevo Gimnasio, 2578444 ext.160
JARDIN INFANTIL EL RINCON DEL TERCER PUENTE - Sede Calle 170, 669 1311 - 315 257 2285
JARDIN INFANTIL SAINT GREGORY, 2132685
Liceo Experiencial John Dewey, 9059480 3173648874 3133918692
GIMNASIO PEPA CASTRO, 9054779 - 322-8500065- 3043364771
COLEGIO DE NUESTRA SEÑORA DEL PILAR, 2493046
JARDIN INFANTIL SAN NICOLAS DE TALENTINO SCHOOL, 4675186-3164718931 - 3194769692
Instituto de Integración Cultural IDIC, 7495798 - 3183119037
GIMNASIO LOS ROBLES, 6760081
COLEGIO LUIGI PIRANDELLO, 442 45 45
jardín Infantil Sentimientos y Ternura, 7035973-3214681609
Jardín Infantil Gimnasio Coqui, 
COLEGIO CANAPRO, 7 42 56 70
"LICEO VAL (Vida, Amor, Luz)", 2251109 - 2401331
COLEGIO CAMPESTRE SAN JOSE (ANTIGUO SIERVAS DE SAN JOSE), 6256584 - 6334943
COLEGIO FRANCISCANO DEL VIRREY SOLIS," (571) 6785410 EXT 118 ,101"
Jardín Infantil Montessori Planet, 6967464 - 7928078 - 3167541774
COLEGIO NUEVO REINO DE TURINGIA (Sede Suba), 3510855
BACHILLERATO ACELERADO UNIBÉRICA, 2302467 -
NENELANDIA PRE-ESCOLAR BILINGÜE, 6201505 - 6193492
ADONAI GIMNASIO CRISTIANO, 6721499 -
ACADEMIA MILITAR SAN JORGE, 6760069 -
ACADEMIA NACIONAL DE APRENDIZAJE, 3461559 -
ACADEMIA PEQUEÑINES CREATIVOS PREESCOLAR, 6718312
ACADEMIA LA SALLE SAN BENILDO, 6711955 - 6797687
CENTRO DE ENSEÑANZA PRECOZ LA ALEGRIA DE APRENDER, 6725354 - 6723782
CENTRO DE ENSEÑANZA PRECOZ LA FUERZA DEL SABER, 6227040 - 2361884
CENTRO DE ESTIMULACION ADECUADA SMART, 2582768 -
CENTRO DE ESTIMULACION TEMPRANA COLEGIO CALATRAVA, 4232923 - 3176426972
CENTRO DE ESTIMULACION TEMPRANA DESPERTAR, 2952679
CENTRO DE FORMACION INTEGRAL SAN ANGEL, 2138421
JARDIN INFANTIL EL RINCON DEL TERCER PUENTE - Sede Calle 170, 669 1311 - 315 257 2285
JARDIN INFANTIL SAINT GREGORY, 2132685
Liceo Experiencial John Dewey, 9059480 3173648874 3133918692
GIMNASIO PEPA CASTRO, 9054779 - 322-8500065- 3043364771
COLEGIO DE NUESTRA SEÑORA DEL PILAR, 2493046
JARDIN INFANTIL SAN NICOLAS DE TALENTINO SCHOOL, 4675186-3164718931 - 3194769692
Instituto de Integración Cultural IDIC, 7495798 - 3183119037
GIMNASIO LOS ROBLES, 6760081
COLEGIO LUIGI PIRANDELLO, 442 45 45
jardín Infantil Sentimientos y Ternura, 7035973-3214681609
Jardín Infantil Gimnasio Coqui, 
COLEGIO CANAPRO, 7 42 56 70
"LICEO VAL (Vida, Amor, Luz)", 2251109 - 2401331
COLEGIO CAMPESTRE SAN JOSE (ANTIGUO SIERVAS DE SAN JOSE), 6256584 - 6334943
COLEGIO FRANCISCANO DEL VIRREY SOLIS," (571) 6785410 EXT 118 ,101"
Jardín Infantil Montessori Planet, 6967464 - 7928078 - 3167541774
COLEGIO NUEVO REINO DE TURINGIA (Sede Suba), 3510855
BACHILLERATO ACELERADO UNIBÉRICA, 2302467 -
NENELANDIA PRE-ESCOLAR BILINGÜE, 6201505 - 6193492
ADONAI GIMNASIO CRISTIANO, 6721499 -
ACADEMIA MILITAR SAN JORGE, 6760069 -
ACADEMIA NACIONAL DE APRENDIZAJE, 3461559 -
ACADEMIA PEQUEÑINES CREATIVOS PREESCOLAR, 6718312
ACADEMIA LA SALLE SAN BENILDO, 6711955 - 6797687
CENTRO DE ENSEÑANZA PRECOZ LA ALEGRIA DE APRENDER, 6725354 - 6723782
CENTRO DE ENSEÑANZA PRECOZ LA FUERZA DEL SABER, 6227040 - 2361884
CENTRO DE ESTIMULACION ADECUADA SMART, 2582768 -
CENTRO DE ESTIMULACION TEMPRANA COLEGIO CALATRAVA, 4232923 - 3176426972
CENTRO DE ESTIMULACION TEMPRANA DESPERTAR, 2952679
CENTRO DE FORMACION INTEGRAL SAN ANGEL, 2138421
CENTRO DE INTEGRACION EDUCATIVA DEL NORTE CIEN, 6826393
CENTRO DE LA ENSEÑANZA MEDIA VOCACIONAL NUESTRA SEÑORA DEL CARMEN, 2670089 - 2672646
CENTRO DE REHABILITACION MYA, (57) (1) 6711237 6711070 6784878
CENTRO EDUCATIVO DE NUESTRA SEÑORA DE LA PAZ, 2035561
CENTRO EDUCATIVO DISTRITAL SIERRA MORENA, No reportados
CENTRO EDUCATIVO INTEGRAL COLSUBSIDIO CEIC, 2288297 - 4316427
CENTRO EDUCATIVO PARA EL DESARROLLO DE BOYACA CEDEBOY BASILIO VICENTE DE OVIEDO, 2683149
CENTRO EDUCATIVO SAGRADA FAMILIA DE NAZARETH, 6698309
CENTRO INFANTIL EDUCAR, 3150376 / 3151234
CENTRO LESTONNAC, 2513498 -
CINPE, 2183525 - 6348131
COFRATERNIDAD DE SAN FERNANDO, 7659369 - 7653947
COLEGIO ABRAHAM LINCOLN, 6767360 - 6779800
COLEGIO ADVENTISTA EMMANUEL, 2334637 -
COLEGIO AGUSTINIANO CIUDAD SALITRE, 4279365 / 70
COLEGIO AGUSTINIANO DE SAN NICOLAS, 3420924
COLEGIO AGUSTINIANO NORTE, 2532923 - 6245902
COLEGIO ALAFAS DEL NORTE, 6839067
COLEGIO ALBERT SCHWEITZER, 6167621
COLEGIO ALCALA, 2705685 -
Jardín Infantil Gimnasio Coqui, 
COLEGIO CANAPRO, 7 42 56 70
"LICEO VAL (Vida, Amor, Luz)", 2251109 - 2401331
COLEGIO CAMPESTRE SAN JOSE (ANTIGUO SIERVAS DE SAN JOSE), 6256584 - 6334943
COLEGIO FRANCISCANO DEL VIRREY SOLIS," (571) 6785410 EXT 118 ,101"
Jardín Infantil Montessori Planet, 6967464 - 7928078 - 3167541774
COLEGIO NUEVO REINO DE TURINGIA (Sede Suba), 3510855
BACHILLERATO ACELERADO UNIBÉRICA, 2302467 -
NENELANDIA PRE-ESCOLAR BILINGÜE, 6201505 - 6193492
ADONAI GIMNASIO CRISTIANO, 6721499 -
ACADEMIA MILITAR SAN JORGE, 6760069 -
ACADEMIA NACIONAL DE APRENDIZAJE, 3461559 -
ACADEMIA PEQUEÑINES CREATIVOS PREESCOLAR, 6718312
ACADEMIA LA SALLE SAN BENILDO, 6711955 - 6797687
CENTRO DE ENSEÑANZA PRECOZ LA ALEGRIA DE APRENDER, 6725354 - 6723782
CENTRO DE ENSEÑANZA PRECOZ LA FUERZA DEL SABER, 6227040 - 2361884
CENTRO DE ESTIMULACION ADECUADA SMART, 2582768 -
CENTRO DE ESTIMULACION TEMPRANA COLEGIO CALATRAVA, 4232923 - 3176426972
CENTRO DE ESTIMULACION TEMPRANA DESPERTAR, 2952679
CENTRO DE FORMACION INTEGRAL SAN ANGEL, 2138421
CENTRO DE INTEGRACION EDUCATIVA DEL NORTE CIEN, 6826393
CENTRO DE LA ENSEÑANZA MEDIA VOCACIONAL NUESTRA SEÑORA DEL CARMEN, 2670089 - 2672646
CENTRO DE REHABILITACION MYA, (57) (1) 6711237 6711070 6784878
CENTRO EDUCATIVO DE NUESTRA SEÑORA DE LA PAZ, 2035561
CENTRO EDUCATIVO DISTRITAL SIERRA MORENA, No reportados
CENTRO EDUCATIVO INTEGRAL COLSUBSIDIO CEIC, 2288297 - 4316427
CENTRO EDUCATIVO PARA EL DESARROLLO DE BOYACA CEDEBOY BASILIO VICENTE DE OVIEDO, 2683149
CENTRO EDUCATIVO SAGRADA FAMILIA DE NAZARETH, 6698309
CENTRO INFANTIL EDUCAR, 3150376 / 3151234
CENTRO LESTONNAC, 2513498 -
CINPE, 2183525 - 6348131
COFRATERNIDAD DE SAN FERNANDO, 7659369 - 7653947
COLEGIO ABRAHAM LINCOLN, 6767360 - 6779800
COLEGIO ADVENTISTA EMMANUEL, 2334637 -
COLEGIO AGUSTINIANO CIUDAD SALITRE, 4279365 / 70
COLEGIO AGUSTINIANO DE SAN NICOLAS, 3420924
COLEGIO AGUSTINIANO NORTE, 2532923 - 6245902
COLEGIO ALAFAS DEL NORTE, 6839067
COLEGIO ALBERT SCHWEITZER, 6167621
COLEGIO ALCALA, 2705685 -
COLEGIO ALCAZAR DE VALENCIA, 258 21 81 - 627 25 14
COLEGIO ALEXANDER HUMBOLDT, 2312218
COLEGIO ALFONSO JARAMILLO, (571) 672 0303 - (571) 528 0720
COLEGIO ALFONSO MARIA DE LIGORIO, 7654279 -
COLEGIO ALFONSO REYES, 7109421 -
COLEGIO ALFONSO SARMIENTO, 2068511 -
COLEGIO ALFREDO BINET, 6103279 - 2362003
COLEGIO ALIANZA INTERNACIONAL, 2442934 -
COLEGIO ALMIRANTE PADILLA, 2616995 -
Agencia Integral Bambini, 3165338435
COLEGIO AMADEO AVOGADRO, 6815108 -
COLEGIO AMANECER BILINGÜE, 2952464 - 4161774
COLEGIO AMERICA ANDINA, 4533714 -
COLEGIO AMÉRICA LATINA, 4533714
COLEGIO AMERICANO, 2450830 - 2457980
COLEGIO ANDERSON, 5130772 -
GRUPO EDUCATIVO BACATÁ, 5274463 - 5274462 - 314-333-1282
COLEGIO ANDRES ROSILLO, 7751546 -
COLEGIO ANGLO ANDINO, 3376625 -
COLEGIO ANGLO ESCOCES CAMPESTRE, 6847707 - 6821211 - 6099721 - 6099722
ACADEMIA MILITAR SAN JORGE, 6760069 -
ACADEMIA NACIONAL DE APRENDIZAJE, 3461559 -
ACADEMIA PEQUEÑINES CREATIVOS PREESCOLAR, 6718312
ACADEMIA LA SALLE SAN BENILDO, 6711955 - 6797687
CENTRO DE ENSEÑANZA PRECOZ LA ALEGRIA DE APRENDER, 6725354 - 6723782
CENTRO DE ENSEÑANZA PRECOZ LA FUERZA DEL SABER, 6227040 - 2361884
CENTRO DE ESTIMULACION ADECUADA SMART, 2582768 -
CENTRO DE ESTIMULACION TEMPRANA COLEGIO CALATRAVA, 4232923 - 3176426972
CENTRO DE ESTIMULACION TEMPRANA DESPERTAR, 2952679
CENTRO DE FORMACION INTEGRAL SAN ANGEL, 2138421
CENTRO DE INTEGRACION EDUCATIVA DEL NORTE CIEN, 6826393
CENTRO DE LA ENSEÑANZA MEDIA VOCACIONAL NUESTRA SEÑORA DEL CARMEN, 2670089 - 2672646
CENTRO DE REHABILITACION MYA, (57) (1) 6711237 6711070 6784878
CENTRO EDUCATIVO DE NUESTRA SEÑORA DE LA PAZ, 2035561
CENTRO EDUCATIVO DISTRITAL SIERRA MORENA, No reportados
CENTRO EDUCATIVO INTEGRAL COLSUBSIDIO CEIC, 2288297 - 4316427
CENTRO EDUCATIVO PARA EL DESARROLLO DE BOYACA CEDEBOY BASILIO VICENTE DE OVIEDO, 2683149
CENTRO EDUCATIVO SAGRADA FAMILIA DE NAZARETH, 6698309
CENTRO INFANTIL EDUCAR, 3150376 / 3151234
CENTRO LESTONNAC, 2513498 -
CINPE, 2183525 - 6348131
COFRATERNIDAD DE SAN FERNANDO, 7659369 - 7653947
COLEGIO ABRAHAM LINCOLN, 6767360 - 6779800
COLEGIO ADVENTISTA EMMANUEL, 2334637 -
COLEGIO AGUSTINIANO CIUDAD SALITRE, 4279365 / 70
COLEGIO AGUSTINIANO DE SAN NICOLAS, 3420924
COLEGIO AGUSTINIANO NORTE, 2532923 - 6245902
COLEGIO ALAFAS DEL NORTE, 6839067
COLEGIO ALBERT SCHWEITZER, 6167621
COLEGIO ALCALA, 2705685 -
COLEGIO ALCAZAR DE VALENCIA, 258 21 81 - 627 25 14
COLEGIO ALEXANDER HUMBOLDT, 2312218
COLEGIO ALFONSO JARAMILLO, (571) 672 0303 - (571) 528 0720
COLEGIO ALFONSO MARIA DE LIGORIO, 7654279 -
COLEGIO ALFONSO REYES, 7109421 -
COLEGIO ALFONSO SARMIENTO, 2068511 -
COLEGIO ALFREDO BINET, 6103279 - 2362003
COLEGIO ALIANZA INTERNACIONAL, 2442934 -
COLEGIO ALMIRANTE PADILLA, 2616995 -
Agencia Integral Bambini, 3165338435
COLEGIO AMADEO AVOGADRO, 6815108 -
COLEGIO AMANECER BILINGÜE, 2952464 - 4161774
COLEGIO AMERICA ANDINA, 4533714 -
COLEGIO AMÉRICA LATINA, 4533714
COLEGIO AMERICANO, 2450830 - 2457980
COLEGIO ANDERSON, 5130772 -
GRUPO EDUCATIVO BACATÁ, 5274463 - 5274462 - 314-333-1282
COLEGIO ANDRES ROSILLO, 7751546 -
COLEGIO ANGLO ANDINO, 3376625 -
COLEGIO ANGLO ESCOCES CAMPESTRE, 6847707 - 6821211 - 6099721 - 6099722
COLEGIO ANGLO FRANCES CAMPESTRE, 6264471 -
COLEGIO ANTONIO JOSE DE SUCRE, 2675813
COLEGIO ANTONIO RICAURTE DE CIUDAD PIAMONTE BOSA, 7753568 -
COLEGIO ANTONIO VIVALDI, 7608950 -
COLEGIO ARCO MONTESSORI, 4522401 -
COLEGIO ARTEAGA MUÑOZ, 2394091 -
COLEGIO ATENEO COMERCIAL, 7651579
COLEGIO AUGUSTO LUMIERE, 6846246 -
COLEGIO AURELIO MARTINEZ MUTIS, 2730843 -
COLEGIO BEJAMIN HERRERA, 2380179
COLEGIO BILINGÜE AMANECER, 2952464 -
COLEGIO BILINGUE CAMPESTRE NUEVA AMERICA, 2585304 - 6145194
COLEGIO BILINGÜE JOSEMIEL, 2932130 -
COLEGIO BILINGÜE MEYER, 2369465
COLEGIO BILINGUE REINO UNIDO, 2369465 - 2563211
COLEGIO BLOOMINGTON, 2152397
COLEGIO BOGOTANO MIXTO, 4133737 - 4120696
COLEGIO BOSQUE AMERICANO, 2925743 -
COLEGIO BRAVO PAEZ, 4142678 - 2798056
COLEGIO CAFAM, 4378999
CENTRO DE INTEGRACION EDUCATIVA DEL NORTE CIEN, 6826393
CENTRO DE LA ENSEÑANZA MEDIA VOCACIONAL NUESTRA SEÑORA DEL CARMEN, 2670089 - 2672646
CENTRO DE REHABILITACION MYA, (57) (1) 6711237 6711070 6784878
CENTRO EDUCATIVO DE NUESTRA SEÑORA DE LA PAZ, 2035561
CENTRO EDUCATIVO DISTRITAL SIERRA MORENA, No reportados
CENTRO EDUCATIVO INTEGRAL COLSUBSIDIO CEIC, 2288297 - 4316427
CENTRO EDUCATIVO PARA EL DESARROLLO DE BOYACA CEDEBOY BASILIO VICENTE DE OVIEDO, 2683149
CENTRO EDUCATIVO SAGRADA FAMILIA DE NAZARETH, 6698309
CENTRO INFANTIL EDUCAR, 3150376 / 3151234
CENTRO LESTONNAC, 2513498 -
CINPE, 2183525 - 6348131
COFRATERNIDAD DE SAN FERNANDO, 7659369 - 7653947
COLEGIO ABRAHAM LINCOLN, 6767360 - 6779800
COLEGIO ADVENTISTA EMMANUEL, 2334637 -
COLEGIO AGUSTINIANO CIUDAD SALITRE, 4279365 / 70
COLEGIO AGUSTINIANO DE SAN NICOLAS, 3420924
COLEGIO AGUSTINIANO NORTE, 2532923 - 6245902
COLEGIO ALAFAS DEL NORTE, 6839067
COLEGIO ALBERT SCHWEITZER, 6167621
COLEGIO ALCALA, 2705685 -
COLEGIO ALCAZAR DE VALENCIA, 258 21 81 - 627 25 14
COLEGIO ALEXANDER HUMBOLDT, 2312218
COLEGIO ALFONSO JARAMILLO, (571) 672 0303 - (571) 528 0720
COLEGIO ALFONSO MARIA DE LIGORIO, 7654279 -
COLEGIO ALFONSO REYES, 7109421 -
COLEGIO ALFONSO SARMIENTO, 2068511 -
COLEGIO ALFREDO BINET, 6103279 - 2362003
COLEGIO ALIANZA INTERNACIONAL, 2442934 -
COLEGIO ALMIRANTE PADILLA, 2616995 -
Agencia Integral Bambini, 3165338435
COLEGIO AMADEO AVOGADRO, 6815108 -
COLEGIO AMANECER BILINGÜE, 2952464 - 4161774
COLEGIO AMERICA ANDINA, 4533714 -
COLEGIO AMÉRICA LATINA, 4533714
COLEGIO AMERICANO, 2450830 - 2457980
COLEGIO ANDERSON, 5130772 -
GRUPO EDUCATIVO BACATÁ, 5274463 - 5274462 - 314-333-1282
COLEGIO ANDRES ROSILLO, 7751546 -
COLEGIO ANGLO ANDINO, 3376625 -
COLEGIO ANGLO ESCOCES CAMPESTRE, 6847707 - 6821211 - 6099721 - 6099722
COLEGIO ANGLO FRANCES CAMPESTRE, 6264471 -
COLEGIO ANTONIO JOSE DE SUCRE, 2675813
COLEGIO ANTONIO RICAURTE DE CIUDAD PIAMONTE BOSA, 7753568 -
COLEGIO ANTONIO VIVALDI, 7608950 -
COLEGIO ARCO MONTESSORI, 4522401 -
COLEGIO ARTEAGA MUÑOZ, 2394091 -
COLEGIO ATENEO COMERCIAL, 7651579
COLEGIO AUGUSTO LUMIERE, 6846246 -
COLEGIO AURELIO MARTINEZ MUTIS, 2730843 -
COLEGIO BEJAMIN HERRERA, 2380179
COLEGIO BILINGÜE AMANECER, 2952464 -
COLEGIO BILINGUE CAMPESTRE NUEVA AMERICA, 2585304 - 6145194
COLEGIO BILINGÜE JOSEMIEL, 2932130 -
COLEGIO BILINGÜE MEYER, 2369465
COLEGIO BILINGUE REINO UNIDO, 2369465 - 2563211
COLEGIO BLOOMINGTON, 2152397
COLEGIO BOGOTANO MIXTO, 4133737 - 4120696
COLEGIO BOSQUE AMERICANO, 2925743 -
COLEGIO BRAVO PAEZ, 4142678 - 2798056
COLEGIO CAFAM, 4378999
COLEGIO CALIFORNIA, 6713690 -
COLEGIO CAMILO TORRES,  -
COLEGIO CAMINO DE LA ENSEÑANZA, 6860617 -
COLEGIO CAMPESTRE CHARLES DARWIN, 6763819 - 6763918
COLEGIO CAMPESTRE EL ENCANTO, 6833561 -
COLEGIO CAMPO HERMOSO, 2933508 -
COLEGIO CARDANO, 6897478 -
COLEGIO CARDENAL PACELLI, 6711351-6791938-6791937-6682615
COLEGIO CARDENAL SANCHA, 2586403
COLEGIO CARLOS MARTINEZ SILVA,  -
COLEGIO CASA BOLIVAR, 5332451 - 2564102
COLEGIO CASABLANCA, 6711781 -
COLEGIO CEDI, 6616589 -
COLEGIO CEDIT ALFONSO LOPEZ PUMAREJO, 4503219 - 7107068
COLEGIO CEFI, 2520189 -
COLEGIO CEINPA, 2123380 -
COLEGIO CENCAR, 2499309 -
COLEGIO CENTENARIO, 7136973
COLEGIO CENTROAMERICANO, 2254264 - 2403496
COLEGIO CHAMBERS, 2608667 -
CINPE, 2183525 - 6348131
COFRATERNIDAD DE SAN FERNANDO, 7659369 - 7653947
COLEGIO ABRAHAM LINCOLN, 6767360 - 6779800
COLEGIO ADVENTISTA EMMANUEL, 2334637 -
COLEGIO AGUSTINIANO CIUDAD SALITRE, 4279365 / 70
COLEGIO AGUSTINIANO DE SAN NICOLAS, 3420924
COLEGIO AGUSTINIANO NORTE, 2532923 - 6245902
COLEGIO ALAFAS DEL NORTE, 6839067
COLEGIO ALBERT SCHWEITZER, 6167621
COLEGIO ALCALA, 2705685 -
COLEGIO ALCAZAR DE VALENCIA, 258 21 81 - 627 25 14
COLEGIO ALEXANDER HUMBOLDT, 2312218
COLEGIO ALFONSO JARAMILLO, (571) 672 0303 - (571) 528 0720
COLEGIO ALFONSO MARIA DE LIGORIO, 7654279 -
COLEGIO ALFONSO REYES, 7109421 -
COLEGIO ALFONSO SARMIENTO, 2068511 -
COLEGIO ALFREDO BINET, 6103279 - 2362003
COLEGIO ALIANZA INTERNACIONAL, 2442934 -
COLEGIO ALMIRANTE PADILLA, 2616995 -
Agencia Integral Bambini, 3165338435
COLEGIO AMADEO AVOGADRO, 6815108 -
COLEGIO AMANECER BILINGÜE, 2952464 - 4161774
COLEGIO AMERICA ANDINA, 4533714 -
COLEGIO AMÉRICA LATINA, 4533714
COLEGIO AMERICANO, 2450830 - 2457980
COLEGIO ANDERSON, 5130772 -
GRUPO EDUCATIVO BACATÁ, 5274463 - 5274462 - 314-333-1282
COLEGIO ANDRES ROSILLO, 7751546 -
COLEGIO ANGLO ANDINO, 3376625 -
COLEGIO ANGLO ESCOCES CAMPESTRE, 6847707 - 6821211 - 6099721 - 6099722
COLEGIO ANGLO FRANCES CAMPESTRE, 6264471 -
COLEGIO ANTONIO JOSE DE SUCRE, 2675813
COLEGIO ANTONIO RICAURTE DE CIUDAD PIAMONTE BOSA, 7753568 -
COLEGIO ANTONIO VIVALDI, 7608950 -
COLEGIO ARCO MONTESSORI, 4522401 -
COLEGIO ARTEAGA MUÑOZ, 2394091 -
COLEGIO ATENEO COMERCIAL, 7651579
COLEGIO AUGUSTO LUMIERE, 6846246 -
COLEGIO AURELIO MARTINEZ MUTIS, 2730843 -
COLEGIO BEJAMIN HERRERA, 2380179
COLEGIO BILINGÜE AMANECER, 2952464 -
COLEGIO BILINGUE CAMPESTRE NUEVA AMERICA, 2585304 - 6145194
COLEGIO BILINGÜE JOSEMIEL, 2932130 -
COLEGIO BILINGÜE MEYER, 2369465
COLEGIO BILINGUE REINO UNIDO, 2369465 - 2563211
COLEGIO BLOOMINGTON, 2152397
COLEGIO BOGOTANO MIXTO, 4133737 - 4120696
COLEGIO BOSQUE AMERICANO, 2925743 -
COLEGIO BRAVO PAEZ, 4142678 - 2798056
COLEGIO CAFAM, 4378999
COLEGIO CALIFORNIA, 6713690 -
COLEGIO CAMILO TORRES,  -
COLEGIO CAMINO DE LA ENSEÑANZA, 6860617 -
COLEGIO CAMPESTRE CHARLES DARWIN, 6763819 - 6763918
COLEGIO CAMPESTRE EL ENCANTO, 6833561 -
COLEGIO CAMPO HERMOSO, 2933508 -
COLEGIO CARDANO, 6897478 -
COLEGIO CARDENAL PACELLI, 6711351-6791938-6791937-6682615
COLEGIO CARDENAL SANCHA, 2586403
COLEGIO CARLOS MARTINEZ SILVA,  -
COLEGIO CASA BOLIVAR, 5332451 - 2564102
COLEGIO CASABLANCA, 6711781 -
COLEGIO CEDI, 6616589 -
COLEGIO CEDIT ALFONSO LOPEZ PUMAREJO, 4503219 - 7107068
COLEGIO CEFI, 2520189 -
COLEGIO CEINPA, 2123380 -
COLEGIO CENCAR, 2499309 -
COLEGIO CENTENARIO, 7136973
COLEGIO CENTROAMERICANO, 2254264 - 2403496
COLEGIO CHAMBERS, 2608667 -
COLEGIO CHAMPAGNAT, 3403340 - 3403347
COLEGIO CIUDAD DE BARCELONA, 6153334 - 6158680
COLEGIO CIUDAD QUIRIGUA, 2276531 -
COLEGIO CLARETIANO, 7829059 - 7751357
COLEGIO CLARETIANO, 7750241 - 7751357
COLEGIO CLAUDIA JESUS, 2244071 -
COLEGIO COLOMBO AUSTRALIANO, 2632303 - 2631125
COLEGIO COLOMBO BOLIVIANO, 2273796 -
COLEGIO COLOMBO FLORIDA BILINGUE, 2391231
COLEGIO COLOMBO HEBREO, 6711303 - 6785123
COLEGIO COLOMBO INGLES, 6829934 - 6829966
COLEGIO COLOMBO ITALIANO MICHELANGELO, 2623539 -
COLEGIO COLOMBO JAPONES, 7803873 -
COLEGIO COLOMBO LATINO, 7750400 - 7750424
COLEGIO COLOMBO SUIZO, 6860103 -
COLEGIO COMERCIAL EDUARDO TORRES Q., 2062187 -
COLEGIO COMERCIAL GRANBOGOTANO, 4509214 -
COLEGIO COMERCIAL VILLA MARIA, No reportados
COLEGIO COMPARTIR SUBA, 6883634 - 6970024
COLEGIO COMUNITARIO GENERAL MATAMOROS, 4511354 -
